{"cameraMode":{"drawMode":0,"name":"Shaded","section":"Shading Mode"},"sceneLighting":true,"audioPlay":false,"sceneViewState":{"m_AlwaysRefresh":false,"showFog":true,"showSkybox":true,"showFlares":true,"showImageEffects":true,"showParticleSystems":true,"showVisualEffectGraphs":true,"m_FxEnabled":true},"in2DMode":false,"pivot":{"x":-1.871954083442688,"y":-0.7033252716064453,"z":-5.9789605140686039},"rotation":{"x":-0.2116411179304123,"y":0.022571183741092683,"z":-0.004890017677098513,"w":-0.9770857691764832},"size":10.933013916015625,"orthographic":false}